{"stats":{"minecraft:custom":{"minecraft:interact_with_furnace":10,"minecraft:mob_kills":21,"minecraft:interact_with_crafting_table":7,"minecraft:open_barrel":2,"minecraft:leave_game":10,"minecraft:time_since_death":15913,"minecraft:sleep_in_bed":1,"minecraft:climb_one_cm":315,"minecraft:time_since_rest":16055,"minecraft:sprint_one_cm":89449,"minecraft:damage_taken":1398,"minecraft:walk_one_cm":111915,"minecraft:drop":11,"minecraft:damage_dealt":3322,"minecraft:swim_one_cm":14753,"minecraft:fly_one_cm":172954,"minecraft:open_chest":14,"minecraft:crouch_one_cm":8829,"minecraft:play_time":59159,"minecraft:deaths":3,"minecraft:sneak_time":3549,"minecraft:walk_under_water_one_cm":4365,"minecraft:jump":996,"minecraft:walk_on_water_one_cm":3271,"minecraft:total_world_time":59159,"minecraft:fall_one_cm":24781},"minecraft:killed_by":{"minecraft:player":1,"minecraft:creeper":1,"alexsmobs:bison":1},"minecraft:killed":{"alexsmobs:hummingbird":3,"minecraft:pig":4,"creeperoverhaul:beach_creeper":1,"minecraft:spider":1,"minecraft:sheep":1,"minecraft:skeleton":1,"minecraft:zombie":2,"minecraft:chicken":3,"alexsmobs:bison":2,"minecraft:cow":3},"minecraft:mined":{"minecraft:cherry_log":14,"minecraft:crafting_table":3,"minecraft:torch":1,"minecraft:grass_block":1,"minecraft:tall_grass":4,"minecraft:cobblestone":9,"minecraft:diorite":1,"minecraft:blue_bed":1,"minecraft:purple_bed":2,"minecraft:furnace":1,"minecraft:iron_ore":8,"minecraft:pumpkin":2,"regions_unexplored:sandy_grass":1,"minecraft:grass":5,"minecraft:oak_log":1,"minecraft:coal_ore":32,"minecraft:cherry_leaves":31,"minecraft:sunflower":2,"minecraft:dirt":1,"minecraft:stone":98,"minecraft:oak_leaves":1,"minecraft:fern":2},"minecraft:crafted":{"minecraft:cooked_beef":11,"minecraft:cherry_planks":12,"minecraft:cooked_porkchop":7,"minecraft:crafting_table":1,"minecraft:spruce_planks":8,"minecraft:cooked_chicken":2,"minecraft:wooden_pickaxe":1,"minecraft:furnace":1,"minecraft:stone_axe":1,"minecraft:air":0,"minecraft:stick":24,"minecraft:iron_pickaxe":1,"minecraft:iron_ingot":3,"minecraft:stone_pickaxe":2,"minecraft:stone_sword":1,"minecraft:torch":40},"minecraft:broken":{"minecraft:wooden_axe":1},"minecraft:dropped":{"minecraft:wheat_seeds":1,"minecraft:feather":2,"minecraft:pumpkin_seeds":3,"minecraft:dirt":2,"mca:book_romance":1,"minecraft:diorite":2,"minecraft:oak_sapling":6,"minecraft:wooden_pickaxe":1,"minecraft:bone":1},"minecraft:used":{"minecraft:stone_sword":55,"minecraft:stone_pickaxe":142,"minecraft:spruce_planks":1,"minecraft:wooden_pickaxe":8,"minecraft:white_wool":1,"minecraft:torch":17,"minecraft:mutton":1,"minecraft:crafting_table":3,"minecraft:wooden_axe":25,"minecraft:oak_log":1,"minecraft:apple":9,"minecraft:bread":7,"minecraft:iron_boots":1,"minecraft:stone_axe":6,"minecraft:cobblestone":28,"minecraft:purple_bed":1,"minecraft:sweet_berries":19,"minecraft:furnace":1,"minecraft:cooked_beef":1,"minecraft:large_fern":1,"minecraft:pumpkin":2},"minecraft:picked_up":{"minecraft:wooden_axe":1,"minecraft:seagrass":2,"minecraft:crafting_table":3,"minecraft:feather":2,"minecraft:chicken":2,"minecraft:leather":3,"minecraft:oak_log":1,"minecraft:blue_bed":1,"minecraft:dirt":2,"minecraft:string":2,"minecraft:bone":1,"minecraft:apple":6,"minecraft:wheat_seeds":1,"travelersbackpack:enderman":1,"minecraft:beef":11,"minecraft:furnace":1,"minecraft:stick":5,"minecraft:raw_iron":7,"minecraft:pumpkin":2,"minecraft:sweet_berries":11,"minecraft:torch":1,"minecraft:porkchop":7,"minecraft:cherry_log":13,"minecraft:diorite":2,"minecraft:spider_eye":1,"minecraft:pumpkin_seeds":3,"minecraft:arrow":1,"minecraft:purple_bed":2,"minecraft:cherry_sapling":11,"minecraft:mutton":1,"minecraft:coal":32,"minecraft:white_wool":1,"minecraft:cobblestone":106,"minecraft:sunflower":2}},"DataVersion":3465}