{"stats":{"minecraft:custom":{"minecraft:jump":15,"minecraft:time_since_rest":4320,"minecraft:damage_dealt":7,"minecraft:walk_on_water_one_cm":346,"minecraft:leave_game":1,"minecraft:play_time":4320,"minecraft:sprint_one_cm":387,"minecraft:time_since_death":4320,"minecraft:walk_one_cm":2243,"minecraft:sneak_time":28,"minecraft:total_world_time":4320,"minecraft:mob_kills":2,"minecraft:fall_one_cm":209,"minecraft:fly_one_cm":26110},"minecraft:picked_up":{"minecraft:sand":59},"minecraft:used":{"mowziesmobs:naga_spawn_egg":1,"cataclysm:ender_golem_spawn_egg":1,"scguns:dozier_rl":38,"scguns:musket":19,"mowziesmobs:frostmaw_spawn_egg":1},"minecraft:killed":{"mowziesmobs:frostmaw":1,"mowziesmobs:naga":1}},"DataVersion":3465}