{"stats":{"minecraft:custom":{"minecraft:interact_with_smithing_table":11,"minecraft:mob_kills":48,"minecraft:interact_with_crafting_table":50,"minecraft:open_barrel":1,"minecraft:leave_game":6,"minecraft:time_since_death":1436,"minecraft:sprint_one_cm":182772,"minecraft:walk_one_cm":216054,"minecraft:damage_blocked_by_shield":200,"minecraft:drop":60,"minecraft:play_time":147404,"minecraft:deaths":6,"minecraft:sneak_time":6198,"minecraft:walk_under_water_one_cm":29948,"minecraft:boat_one_cm":13028,"minecraft:jump":1503,"minecraft:walk_on_water_one_cm":21979,"minecraft:total_world_time":147404,"minecraft:interact_with_furnace":70,"minecraft:sleep_in_bed":1,"minecraft:time_since_rest":1465,"minecraft:damage_taken":4495,"minecraft:damage_dealt":8522,"minecraft:player_kills":3,"minecraft:swim_one_cm":49857,"minecraft:fly_one_cm":344526,"minecraft:open_chest":3,"minecraft:crouch_one_cm":15493,"minecraft:fall_one_cm":56403},"minecraft:killed_by":{"minecraft:player":1,"minecraft:creeper":1,"minecraft:enderman":1,"minecraft:zombie":1},"minecraft:killed":{"minecraft:cave_spider":2,"minecraft:spider":3,"alexsmobs:seagull":2,"minecraft:skeleton":18,"alexsmobs:bison":1,"minecraft:creeper":1,"minecraft:sheep":5,"minecraft:zombie":9,"minecraft:cow":3},"minecraft:mined":{"alexscaves:spelunkery_table":1,"regions_unexplored:blue_lupine":1,"minecraft:deepslate_diamond_ore":4,"minecraft:glow_lichen":2,"minecraft:granite":4,"minecraft:spruce_leaves":6,"minecraft:oak_trapdoor":6,"minecraft:furnace":7,"minecraft:cobbled_deepslate":2,"minecraft:iron_ore":29,"minecraft:fire":2,"minecraft:barrel":1,"minecraft:andesite":4,"minecraft:pumpkin":2,"minecraft:deepslate_lapis_ore":1,"minecraft:bookshelf":1,"minecraft:deepslate_iron_ore":3,"minecraft:oak_stairs":1,"minecraft:stripped_oak_log":2,"regions_unexplored:medium_grass":7,"minecraft:stone":160,"minecraft:smithing_table":1,"minecraft:deepslate_redstone_ore":4,"minecraft:kelp_plant":1,"minecraft:spruce_door":1,"minecraft:crafting_table":10,"minecraft:chest":1,"minecraft:tall_grass":14,"minecraft:copper_ore":5,"minecraft:cobblestone":1,"minecraft:deepslate_gold_ore":11,"minecraft:grindstone":1,"minecraft:sugar_cane":1,"minecraft:oak_planks":4,"minecraft:diorite":1,"minecraft:wall_torch":1,"minecraft:cauldron":1,"minecraft:pink_petals":3,"minecraft:purple_bed":2,"regions_unexplored:hyssop":1,"regions_unexplored:sandy_tall_grass":2,"minecraft:sweet_berry_bush":6,"minecraft:spruce_log":25,"regions_unexplored:sandy_grass":40,"minecraft:grass":32,"minecraft:oak_log":17,"minecraft:coal_ore":83,"minecraft:sunflower":5,"minecraft:gravel":2,"minecraft:dirt":2,"minecraft:deepslate":78,"minecraft:fern":1},"minecraft:crafted":{"minecraft:oak_planks":68,"minecraft:spruce_button":15,"minecraft:furnace":3,"travelersbackpack:enderman":1,"minecraft:cooked_mutton":8,"minecraft:iron_axe":1,"minecraft:stone_pickaxe":3,"minecraft:spruce_boat":3,"minecraft:cooked_beef":13,"minecraft:crafting_table":2,"minecraft:spruce_planks":104,"minecraft:wooden_pickaxe":1,"minecraft:spruce_door":3,"minecraft:bucket":1,"minecraft:stone_axe":2,"minecraft:air":0,"minecraft:diamond_pickaxe":1,"minecraft:shield":3,"minecraft:stick":40,"minecraft:iron_pickaxe":2,"minecraft:iron_ingot":16,"minecraft:wooden_axe":1,"minecraft:torch":48},"minecraft:broken":{"minecraft:stone_pickaxe":1},"minecraft:used":{"immersive_aircraft:airship":1,"minecraft:spruce_planks":8,"minecraft:shield":8,"minecraft:iron_sword":60,"immersive_aircraft:warship":1,"minecraft:torch":44,"minecraft:dirt":4,"minecraft:spruce_boat":2,"minecraft:wooden_axe":17,"minecraft:iron_axe":84,"minecraft:sweet_berries":2,"minecraft:furnace":6,"immersive_aircraft:biplane":12,"minecraft:cooked_beef":8,"minecraft:cobbled_deepslate":7,"minecraft:cooked_mutton":18,"minecraft:water_bucket":2,"minecraft:diorite":1,"minecraft:spruce_door":3,"minecraft:stone_pickaxe":219,"minecraft:oak_planks":21,"minecraft:wooden_pickaxe":7,"immersive_aircraft:cargo_airship":1,"minecraft:sand":3,"minecraft:crafting_table":10,"minecraft:diamond_pickaxe":8,"minecraft:dark_oak_log":1,"travelersbackpack:netherite":1,"minecraft:iron_pickaxe":173,"travelersbackpack:pumpkin":4,"minecraft:stone_axe":72,"minecraft:cobblestone":20,"travelersbackpack:standard":2,"minecraft:purple_bed":1,"minecraft:smithing_table":1,"minecraft:bucket":3,"immersive_aircraft:gyrodyne":2,"alexsmobs:animal_dictionary":1},"minecraft:dropped":{"minecraft:iron_ingot":1,"minecraft:iron_sword":1,"minecraft:cooked_beef":5,"immersive_aircraft:boiler":2,"immersive_aircraft:biplane":5,"immersive_aircraft:enhanced_propeller":5,"immersive_aircraft:hull":1,"minecraft:spruce_door":4,"travelersbackpack:standard":1,"minecraft:coal":256,"travelersbackpack:creeper":1,"minecraft:torch":15,"minecraft:wooden_axe":1,"travelersbackpack:enderman":1,"minecraft:iron_pickaxe":1,"alexsmobs:raccoon_tail":1,"minecraft:white_wool":3,"immersive_aircraft:telescope":2,"minecraft:bone":2,"immersive_aircraft:bomb_bay":1,"immersive_aircraft:engine":1,"immersive_aircraft:propeller":1,"minecraft:stone_sword":1,"travelersbackpack:netherite_tier_upgrade":1,"minecraft:cooked_mutton":8,"immersive_aircraft:warship":3,"minecraft:shield":2,"travelersbackpack:iron_golem":2,"travelersbackpack:crafting_upgrade":1,"immersive_aircraft:sail":1,"minecraft:stone_pickaxe":1,"minecraft:firework_rocket":257},"minecraft:picked_up":{"minecraft:crafting_table":9,"minecraft:smithing_table":1,"minecraft:oak_stairs":1,"minecraft:string":8,"minecraft:oak_trapdoor":6,"minecraft:raw_copper":6,"immersive_aircraft:biplane":8,"minecraft:cobbled_deepslate":82,"minecraft:beef":18,"alexsmobs:raccoon_tail":1,"minecraft:sugar_cane":1,"minecraft:chest":1,"minecraft:furnace":5,"minecraft:dark_oak_sapling":1,"minecraft:raw_iron":34,"minecraft:torch":1,"minecraft:diorite":2,"minecraft:redstone":14,"minecraft:cauldron":1,"minecraft:stone_sword":1,"minecraft:arrow":15,"minecraft:rotten_flesh":7,"alexscaves:spelunkery_table":1,"minecraft:mutton":9,"minecraft:cobblestone":163,"minecraft:white_wool":4,"minecraft:stripped_oak_log":1,"minecraft:pink_petals":1,"travelersbackpack:iron_golem":1,"minecraft:feather":2,"minecraft:cooked_beef":1,"minecraft:andesite":2,"immersive_aircraft:warship":1,"minecraft:leather":3,"alexsmobs:bison_fur":1,"minecraft:oak_log":16,"immersive_aircraft:gyrodyne":1,"minecraft:lapis_lazuli":8,"minecraft:dirt":71,"minecraft:paper":18,"minecraft:cooked_mutton":2,"minecraft:bone":20,"minecraft:bow":1,"minecraft:wheat_seeds":10,"minecraft:raw_gold":10,"minecraft:grindstone":1,"minecraft:iron_sword":2,"minecraft:oak_planks":6,"minecraft:book":3,"minecraft:pumpkin":2,"minecraft:sweet_berries":4,"immersive_aircraft:boiler":8,"minecraft:gravel":1,"minecraft:sand":3,"minecraft:amethyst_shard":2,"minecraft:spruce_log":22,"minecraft:barrel":1,"minecraft:spruce_door":4,"minecraft:dark_oak_log":7,"minecraft:spider_eye":1,"regions_unexplored:hyssop":1,"minecraft:purple_bed":2,"minecraft:diamond":3,"minecraft:granite":3,"minecraft:coal":191,"minecraft:sunflower":5}},"DataVersion":3465}