{"stats":{"minecraft:custom":{"minecraft:interact_with_furnace":11,"minecraft:mob_kills":6,"minecraft:interact_with_crafting_table":17,"minecraft:leave_game":8,"minecraft:time_since_death":16495,"minecraft:sleep_in_bed":1,"minecraft:time_since_rest":16546,"minecraft:sprint_one_cm":165653,"minecraft:damage_taken":2356,"minecraft:walk_one_cm":245312,"minecraft:drop":8,"minecraft:damage_dealt":1521,"minecraft:swim_one_cm":37270,"minecraft:fly_one_cm":119592,"minecraft:open_chest":5,"minecraft:crouch_one_cm":96,"minecraft:play_time":125646,"minecraft:deaths":7,"minecraft:sneak_time":483,"minecraft:walk_under_water_one_cm":12753,"minecraft:boat_one_cm":79656,"minecraft:jump":789,"minecraft:walk_on_water_one_cm":28296,"minecraft:total_world_time":125646,"minecraft:fall_one_cm":31072},"minecraft:killed_by":{"minecraft:skeleton":1,"minecraft:creeper":1,"minecraft:zombie":1},"minecraft:killed":{"minecraft:spider":1,"minecraft:sheep":1,"minecraft:zombie":4},"minecraft:mined":{"minecraft:deepslate_redstone_ore":1,"minecraft:tuff":79,"minecraft:deepslate_diamond_ore":2,"minecraft:cherry_log":11,"regions_unexplored:pink_bioshroom":1,"minecraft:dandelion":8,"minecraft:crafting_table":1,"minecraft:grass_block":11,"regions_unexplored:peat_grass_block":1,"minecraft:tall_grass":2,"minecraft:copper_ore":4,"regions_unexplored:purple_coneflower":2,"minecraft:spruce_leaves":13,"minecraft:deepslate_gold_ore":4,"minecraft:oak_planks":6,"regions_unexplored:blue_bioshroom":1,"minecraft:wall_torch":1,"minecraft:pink_petals":1,"regions_unexplored:sandy_tall_grass":2,"minecraft:birch_log":69,"minecraft:iron_ore":8,"minecraft:cobbled_deepslate":2,"minecraft:spruce_log":1,"minecraft:birch_leaves":3,"minecraft:deepslate_lapis_ore":1,"minecraft:bee_nest":1,"regions_unexplored:sandy_grass":1,"minecraft:grass":27,"minecraft:oak_log":1,"regions_unexplored:oak_shrub":1,"minecraft:coal_ore":26,"minecraft:deepslate_iron_ore":3,"minecraft:cherry_leaves":40,"minecraft:sunflower":4,"minecraft:dirt":26,"minecraft:sand":6,"regions_unexplored:medium_grass":6,"minecraft:stone":40,"minecraft:deepslate":555},"minecraft:crafted":{"minecraft:cherry_planks":12,"minecraft:oak_planks":4,"minecraft:crafting_table":5,"minecraft:spruce_planks":4,"minecraft:wooden_pickaxe":1,"minecraft:birch_boat":2,"minecraft:furnace":1,"minecraft:birch_planks":36,"minecraft:stone_axe":1,"minecraft:cooked_mutton":1,"minecraft:iron_chestplate":1,"minecraft:stick":16,"minecraft:iron_ingot":8,"minecraft:stone_pickaxe":4,"minecraft:chest":1,"minecraft:stone_sword":2,"minecraft:white_bed":1,"minecraft:torch":8},"minecraft:broken":{"minecraft:stone_pickaxe":3,"minecraft:iron_pickaxe":1},"minecraft:dropped":{"minecraft:wheat_seeds":2,"minecraft:oak_log":1,"minecraft:cobbled_deepslate":18,"minecraft:stripped_oak_log":1,"regions_unexplored:blue_bioshroom":1,"regions_unexplored:peat_dirt":1,"minecraft:diorite":1},"minecraft:used":{"minecraft:cooked_mutton":1,"minecraft:stone_sword":122,"minecraft:stone_pickaxe":461,"minecraft:oak_planks":2,"minecraft:chest":2,"minecraft:wooden_pickaxe":19,"minecraft:birch_boat":2,"travelersbackpack:iron_golem":1,"minecraft:torch":16,"minecraft:dirt":1,"minecraft:sand":1,"minecraft:crafting_table":5,"minecraft:white_bed":1,"minecraft:bread":3,"minecraft:iron_pickaxe":250,"minecraft:stone_axe":91,"minecraft:cobblestone":7,"minecraft:furnace":1,"immersive_aircraft:gyrodyne":1,"alexsmobs:animal_dictionary":1,"immersive_aircraft:biplane":4,"minecraft:cobbled_deepslate":2},"minecraft:picked_up":{"minecraft:stripped_oak_log":1,"minecraft:birch_log":63,"minecraft:pink_petals":8,"regions_unexplored:peat_dirt":1,"travelersbackpack:iron_golem":1,"minecraft:cherry_planks":1,"immersive_aircraft:warship":1,"alexscaves:cave_tablet":12,"minecraft:tuff":70,"regions_unexplored:blue_bioshroom":1,"minecraft:oak_log":2,"minecraft:shield":1,"immersive_aircraft:gyrodyne":1,"minecraft:dirt":53,"minecraft:raw_copper":28,"immersive_aircraft:biplane":4,"minecraft:bone":2,"minecraft:wheat_seeds":4,"minecraft:cobbled_deepslate":468,"minecraft:raw_gold":4,"regions_unexplored:pink_bioshroom":2,"minecraft:chest":1,"minecraft:oak_planks":2,"minecraft:stick":5,"minecraft:raw_iron":9,"minecraft:torch":8,"minecraft:dandelion":8,"regions_unexplored:oak_shrub":2,"minecraft:sand":3,"minecraft:cherry_log":17,"minecraft:spruce_sapling":4,"minecraft:diorite":1,"minecraft:spruce_log":1,"minecraft:redstone":17,"regions_unexplored:purple_coneflower":10,"minecraft:arrow":1,"minecraft:rotten_flesh":10,"minecraft:diamond":2,"minecraft:beetroot_seeds":1,"minecraft:mutton":4,"minecraft:coal":90,"minecraft:crafting_table":3,"minecraft:white_wool":7,"minecraft:cobblestone":49,"minecraft:sunflower":2}},"DataVersion":3465}