{"stats":{"minecraft:custom":{"minecraft:jump":15,"minecraft:leave_game":1,"minecraft:time_since_rest":1862,"minecraft:crouch_one_cm":238,"minecraft:sprint_one_cm":1329,"minecraft:play_time":1862,"minecraft:time_since_death":1862,"minecraft:walk_one_cm":1002,"minecraft:sneak_time":81,"minecraft:total_world_time":1862,"minecraft:fall_one_cm":209,"minecraft:fly_one_cm":2763},"minecraft:mined":{"minecraft:tall_grass":2,"minecraft:grass":6,"regions_unexplored:medium_grass":3,"minecraft:spruce_leaves":2,"minecraft:spruce_log":2},"minecraft:crafted":{"minecraft:spruce_planks":8},"minecraft:used":{"alexsmobs:animal_dictionary":1},"minecraft:picked_up":{"minecraft:spruce_log":2,"minecraft:wheat_seeds":3}},"DataVersion":3465}