{"stats":{"minecraft:custom":{"minecraft:interact_with_smithing_table":2,"minecraft:mob_kills":16,"minecraft:interact_with_crafting_table":12,"minecraft:open_barrel":1,"minecraft:leave_game":2,"minecraft:time_since_death":797,"minecraft:sprint_one_cm":41870,"minecraft:walk_one_cm":322488,"minecraft:damage_blocked_by_shield":140,"minecraft:drop":20,"minecraft:play_time":144620,"minecraft:deaths":7,"minecraft:sneak_time":5144,"minecraft:walk_under_water_one_cm":24609,"minecraft:jump":716,"minecraft:walk_on_water_one_cm":24152,"minecraft:total_world_time":144620,"minecraft:interact_with_furnace":22,"minecraft:sleep_in_bed":1,"minecraft:time_since_rest":859,"minecraft:damage_taken":3133,"minecraft:damage_dealt":2922,"minecraft:player_kills":2,"minecraft:fly_one_cm":51080,"minecraft:swim_one_cm":24298,"minecraft:crouch_one_cm":2587,"minecraft:fall_one_cm":17087},"minecraft:killed":{"alexsmobs:raccoon":2,"minecraft:spider":2,"minecraft:skeleton":3,"minecraft:sheep":4,"minecraft:zombie":2,"minecraft:enderman":1},"minecraft:killed_by":{"minecraft:player":3,"minecraft:spider":1,"minecraft:zombie":1},"minecraft:mined":{"travelersbackpack:creeper":1,"minecraft:tuff":9,"minecraft:deepslate_diamond_ore":5,"minecraft:cherry_log":8,"minecraft:granite":4,"minecraft:spruce_leaves":1,"minecraft:oxeye_daisy":2,"minecraft:iron_ore":3,"minecraft:andesite":23,"minecraft:deepslate_lapis_ore":3,"minecraft:stripped_oak_log":2,"regions_unexplored:medium_grass":4,"minecraft:stone":85,"regions_unexplored:felicia_daisy":1,"minecraft:deepslate_redstone_ore":5,"minecraft:dandelion":4,"minecraft:emerald_ore":1,"minecraft:copper_ore":5,"minecraft:tall_grass":4,"minecraft:cobblestone":1,"minecraft:oak_planks":3,"minecraft:diorite":2,"minecraft:wall_torch":1,"minecraft:pink_petals":1,"minecraft:spruce_log":2,"regions_unexplored:sandy_grass":1,"minecraft:oak_log":3,"minecraft:grass":16,"minecraft:coal_ore":13,"minecraft:sunflower":10,"minecraft:gravel":4,"minecraft:sand":3,"minecraft:dirt":5,"minecraft:cobweb":4,"minecraft:oak_leaves":1,"minecraft:deepslate":34},"minecraft:crafted":{"minecraft:cherry_planks":36,"minecraft:oak_door":3,"minecraft:oak_planks":20,"minecraft:cooked_mutton":7,"minecraft:iron_axe":1,"minecraft:cooked_beef":1,"minecraft:spruce_planks":8,"minecraft:iron_sword":2,"minecraft:bucket":1,"minecraft:stone_axe":1,"minecraft:air":0,"minecraft:stick":24,"minecraft:iron_ingot":10,"minecraft:stone_sword":1,"minecraft:torch":44},"minecraft:broken":{"minecraft:stone_pickaxe":1},"minecraft:used":{"minecraft:stone_sword":57,"minecraft:shield":6,"minecraft:iron_sword":27,"immersive_aircraft:warship":1,"minecraft:rotten_flesh":2,"minecraft:oak_door":3,"minecraft:torch":23,"minecraft:dirt":1,"minecraft:iron_axe":6,"minecraft:beef":1,"minecraft:cooked_beef":5,"immersive_aircraft:biplane":7,"minecraft:cooked_mutton":10,"minecraft:water_bucket":1,"minecraft:stone_pickaxe":132,"minecraft:oak_planks":8,"minecraft:cherry_planks":6,"travelersbackpack:creeper":3,"minecraft:iron_pickaxe":71,"minecraft:stone_axe":9,"minecraft:cobblestone":22,"travelersbackpack:standard":1,"minecraft:andesite":24,"minecraft:bucket":2},"minecraft:dropped":{"minecraft:iron_sword":1,"alexsmobs:bison_fur":2,"travelersbackpack:creeper":1,"alexsmobs:raccoon_tail":2,"minecraft:gravel":4,"minecraft:stone_sword":1,"minecraft:cobbled_deepslate":38,"minecraft:tuff":9,"minecraft:raw_iron":6,"minecraft:cooked_mutton":3,"minecraft:gunpowder":2,"travelersbackpack:iron_golem":1,"minecraft:purple_bed":1,"minecraft:spider_eye":1,"minecraft:beef":6},"minecraft:picked_up":{"minecraft:crafting_table":1,"minecraft:shield":1,"minecraft:string":9,"minecraft:raw_copper":34,"immersive_aircraft:biplane":8,"travelersbackpack:creeper":2,"immersive_aircraft:bomb_bay":1,"immersive_aircraft:propeller":2,"minecraft:cobbled_deepslate":38,"minecraft:beef":7,"minecraft:iron_pickaxe":1,"alexsmobs:raccoon_tail":3,"minecraft:furnace":2,"minecraft:raw_iron":7,"minecraft:stick":2,"travelersbackpack:netherite_tier_upgrade":1,"minecraft:torch":16,"immersive_aircraft:engine":1,"minecraft:cherry_log":9,"minecraft:diorite":1,"travelersbackpack:crafting_upgrade":1,"minecraft:redstone":22,"minecraft:stone_sword":1,"minecraft:arrow":4,"minecraft:rotten_flesh":6,"minecraft:mutton":7,"immersive_aircraft:hull":1,"minecraft:rail":1,"minecraft:white_wool":4,"alexsmobs:flying_fish":1,"minecraft:cobblestone":91,"minecraft:oxeye_daisy":2,"minecraft:stripped_oak_log":3,"travelersbackpack:iron_golem":1,"minecraft:cooked_beef":4,"minecraft:andesite":24,"immersive_aircraft:warship":2,"alexsmobs:bison_fur":4,"minecraft:tuff":9,"minecraft:oak_log":3,"minecraft:gunpowder":2,"minecraft:lapis_lazuli":17,"minecraft:dirt":2,"minecraft:cooked_mutton":11,"minecraft:bone":5,"minecraft:wheat_seeds":5,"minecraft:raw_gold":1,"minecraft:stone_pickaxe":1,"minecraft:iron_ingot":1,"immersive_aircraft:airship":1,"immersive_aircraft:sail":1,"minecraft:oak_planks":5,"minecraft:dandelion":4,"immersive_aircraft:boiler":3,"minecraft:gravel":4,"minecraft:spruce_log":2,"minecraft:dark_oak_log":1,"minecraft:spruce_door":1,"minecraft:spider_eye":1,"alexsmobs:animal_dictionary":1,"immersive_aircraft:enhanced_propeller":2,"travelersbackpack:standard":1,"immersive_aircraft:telescope":3,"minecraft:firework_rocket":322,"minecraft:purple_bed":1,"minecraft:diamond":6,"minecraft:granite":5,"minecraft:emerald":1,"minecraft:coal":238,"minecraft:sunflower":8}},"DataVersion":3465}